ID,Company,Stage,Position,Date,Salary,Location,Sector
1,it graduate,Rejected,Graduate/Junior Data Scientist,12-31-23,37656,"London, Greater London",Recruitment
2,rjc group,Rejected,Python Developer,12-31-23,34257,"London, Greater London",Recruitment
3,austin fraser,Ghosted,Junior Front End Engineer,01-24-00,38547,"London, Greater London",Recruitment
4,hexwired recruitment limited,Rejected,Junior Python Developer,01-24-00,31815,"London, Greater London",Recruitment
5,eligo recruitment ltd,Rejected,Tech Consultant,01-24-00,49908,"London, Greater London",Recruitment
6,illumina,Rejected,Technical Applications Scientist,01-24-00,35000,"Cambridge, Cambridgeshire",Biotechnology
7,systems accountants,Ghosted,Data and Reporting Analyst,01-24-00,30000,"London, Greater London",Recruitment
8,alvarium talent,Ghosted,Software Engineer,01-24-00,49977,"London, Greater London",Recruitment
9,universities superannuation scheme (ltd),Rejected,Python Rejected Developer,01-24-00,33379,"London, Greater London",Pension scheme
10,accolite,Ghosted,Python Graduate Programme 2024,01-13-24,36924,"London, Greater London",Technology
11,itonlinelearning,Rejected,Coding Trainee Placement Programme,01-16-24,29550,"London, Greater London",Education
12,medmatch,Ghosted,In-House IT Administrator,01-16-24,29191,"London, Greater London",Healthcare
13,holiferm,Ghosted,Junior Analytical Scientist,01-16-24,30308,"London, Greater London",Biotechnology
14,mj quinn intergrated services,Rejected,Fleet Systems and Data Analyst,01-17-24,33969,"London, Greater London",Unknown
15,finelk,Rejected,Graduate Intern,01-17-24,39192,"London, Greater London",Public Relations
16,dataconsulting,Ghosted,Data Analytics Consultant,01-19-24,37312,"London, Greater London",Consulting
17,affinity water,Rejected,Data Scientist - Technology,01-19-24,36876,"London, Greater London",Utilities
18,harnham,Ghosted,Junior Analyst,01-19-24,26857,"London, Greater London",Recruitment
19,blackrock,Rejected,Analyst Programme Technology Operations 2025,01-20-24,35932,"London, Greater London",Financial Services
20,captify®,Rejected,Junior Insights Analyst,01-21-24,26924,"London, Greater London",Marketing Technology
21,innovate,Rejected,Data Scientist,01-24-24,25434,"London, Greater London",Consulting
22,next gen diagnostics,Ghosted,Scientific data curator,01-24-24,28209,"London, Greater London",Healthcare
23,ripple,Ghosted,"Software Engineer Intern, Crypto Compliance & Finance (Summer 2024)",01-26-24,34762,"London, Greater London",Financial Technology
24,checkout.com,Rejected,Data Scientist Payment Success,01-27-24,28105,"London, Greater London",Financial Technology
25,intellect group,Ghosted,Junior Data Analyst,01-27-24,26521,"London, Greater London",Recruitment
26,king,Rejected,Summer Technology Internships 2024,01-27-24,27884,"London, Greater London",Gaming
27,aci marketing ltd,Rejected,Financial Analyst (With Sponsorship Visa If Required),01-29-24,26394,"London, Greater London",Recruitment
28,sharpsmart,Rejected,Junior Commercial Finance Analyst,01-29-24,25454,"London, Greater London",Healthcare
29,intellect group,Ghosted,Data Analyst,01-30-24,35000,"London, Greater London",Recruitment
30,nichola act,Ghosted,Junior Finance Analyst,01-30-24,39366,"London, Greater London",Recruitment
31,it graduate,Ghosted,Graduate/Junior IT Support Engineer,02-24-00,26029,"London, Greater London",Recruitment
32,legal and general,Ghosted,Junior Data Protection and Risk Analyst - HR,02-24-00,27772,"London, Greater London",Financial Services
33,yassir,Rejected,Backend Software Engineer,02-24-00,29343,"London, Greater London",Transportation
34,etoro,Rejected,Business Analyst,02-24-00,30554,"London, Greater London",Financial Technology
35,austin fraser,Rejected,Data Analyst - Tableau,02-24-00,35000,"London, Greater London",Recruitment
36,ucb,Ghosted,Associate Scientist - Biologics Upstream,02-24-00,33805,"London, Greater London",Pharmaceuticals
37,asos,Rejected,Insight Analyst (Customer and Marketing),02-24-00,37727,"London, Greater London",Retail
38,intellect group,Ghosted,Junior Data Scientist,02-24-00,35842,"London, Greater London",Recruitment
39,network it,Ghosted,Data Analyst,02-24-00,35000,"London, Greater London",Recruitment
40,vrs-uk,Ghosted,Pharmaceutical Scientist,02-24-00,25998,"London, Greater London",Recruitment
41,pep health,Rejected,Junior Data Scientist,02-14-24,27871,United Kingdom,Healthcare Technology
42,intec select,Ghosted,Data Analyst,02-16-24,35000,"London, Greater London",Recruitment
43,rightmove,Rejected,Data Analyst (Looker),02-16-24,35000,"London, Greater London",Real Estate
44,examworksuk,Rejected,Data and Automation Technician,02-17-24,37583,"London, Greater London",Healthcare
45,locke and mccloud,Rejected,Junior Penetration Tester,02-17-24,37867,"Reading, Berkshire",Recruitment
46,aviva,Ghosted,Customer Analyst,02-18-24,25619,"London, Greater London",Financial Services
47,stephens harwood,Ghosted,Data Analytics Tester,02-19-24,28631,"London, Greater London",Legal Services
48,multiverse,Ghosted,Insight Analyst,02-19-24,30099,"London, Greater London",Education Technology
49,yes energy llc,Rejected,Forecasting Analyst,02-20-24,28216,"London, Greater London",Energy
50,digital realty,Rejected,"Junior Analyst, Sales Process Design and Management",02-20-24,36195,"London, Greater London",Real Estate
51,longshot systems ltd,Ghosted,Machine Learning Researcher,02-20-24,30221,"London, Greater London",Unknown
52,tvs supply chain solutions,Rejected,Data Administrator,02-21-24,26905,"London, Greater London",Logistics
53,ripjar,Ghosted,Data Scientist Core Analytics,02-21-24,26178,"London, Greater London",Technology
54,siemens,Rejected,Graduate Engineer - East Coast Digital Programme,02-21-24,31186,"London, Greater London",Conglomerate
55,sky,Ghosted,Network Data Scientist,02-21-24,35701,"London, Greater London",Media
56,hed workshop,Ghosted,Sales Administrator,02-21-24,32687,"London, Greater London",Design
57,dentsu,Rejected,Data Analyst (Salesforce),02-23-24,35000,"London, Greater London",Advertising
58,stott & may professial search limited,Ghosted,Data Analyst - Insurance (SQL),02-24-24,35000,"London, Greater London",Recruitment
59,in technology group,Ghosted,BI / Data Analyst,02-25-24,26012,"London, Greater London",Recruitment
60,reds10 (uk) ltd,Rejected,Entry-Level Data Analyst,02-26-24,37835,"West London, London",Construction 
61,trustpilot,Rejected,Data Analyst,02-27-24,35000,"London, Greater London",Technology
62,rise technical recruitment limited,Ghosted,Data Analyst (PowerBI/Snowflake),02-27-24,35000,"London, Greater London",Recruitment
63,ben,Rejected,Data Analyst,02-28-24,35000,"London, Greater London",Healthcare
64,euro car parks,Rejected,Junior Property Analyst,02-28-24,31153,"London, Greater London",Parking Services
65,right now residential,Rejected,Junior Property Analyst,02-28-24,37145,"London, Greater London",Real Estate
66,frontier economics,Rejected,2025 Junior Data Scientist - London,02-29-24,27086,"London, Greater London",Consulting
67,sdg group uk,Rejected,Data Analyst,02-29-24,30000,"Milton Keynes, Buckinghamshire",Consulting
68,parico,Ghosted,Junior Software Developer,03-24-00,38590,"London, Greater London",Defence 
69,space nk,Ghosted,Junior Customer Insight Analyst,03-24-00,29807,"London, Greater London",Retail
70,thredd,Ghosted,Data Analyst,03-24-00,35000,"London, Greater London",Technology
71,retail reporting analyst,Rejected,Janus Henders,03-24-00,37803,"London, Greater London",Retail
72,alfa technology,Rejected,Software Developer - BioTech,03-24-00,32874,"London, Greater London",Technology
73,tencent,Ghosted,NLP Research Intern,03-24-00,37190,"London, Greater London",Technology
74,butterworth laboratories,Ghosted,Analytical Chemist (Chromatography),03-13-24,25361,"London, Greater London",Pharmaceuticals
75,srg,Rejected,Biotransformation scientist,03-13-24,32798,"London, Greater London",Recruitment
76,cbsbutler holdings,Ghosted,Chemist,03-13-24,37020,"London, Greater London",Recruitment
77,tvs scs,Ghosted,Data Scientist,03-13-24,38227,"London, Greater London",Logistics
78,N/A,Ghosted,Graduate Analyst,03-13-24,32185,"London, Greater London",Unknown
79,vrs-uk,Ghosted,Graduate Scientist,03-13-24,31294,"London, Greater London",Recruitment
80,spectrum it recruitment,Ghosted,"Graduate Software Engineer, Python",03-13-24,31144,"London, Greater London",Recruitment
81,russell taylor group ltd,Ghosted,Immunoassay Scientist,03-13-24,39568,"London, Greater London",Recruitment
82,search allies ltd,Ghosted,IT Support Technician,03-13-24,35988,"London, Greater London",Recruitment
83,s3 science,Ghosted,Junior Biomedical Scientist,03-13-24,32558,"London, Greater London",Recruitment
84,austin fraser,Ghosted,Junior Python Developer,03-13-24,36791,"London, Greater London",Recruitment
85,acorn by synergie,Ghosted,Lab Technician,03-13-24,32534,"London, Greater London",Recruitment
86,alexander steele,Ghosted,Lab Technician,03-13-24,31491,"London, Greater London",Recruitment
87,vrs-uk,Ghosted,Scientist,03-13-24,36807,"London, Greater London",Recruitment
88,tritility limited,Rejected,Market Analyst,03-14-24,25411,"London, Greater London",Energy
89,brown turner ross limited,Rejected,Junior Data Analyst Admin Apprenticeship,03-15-24,31113,"London, Greater London",Legal Services
90,simplyhealth,Rejected,Software Developer,03-16-24,46549,"London, Greater London",Healthcare
91,grayce,Rejected,Data Graduate,03-17-24,26000,"London, Greater London",Consulting
92,ebay,Ghosted,Monetization Analyst (f/d/m),03-17-24,36100,"London, Greater London",E-commerce
93,consoneai,Rejected at final stage,Data/Machine Learning Scientist,03-19-24,32500,"Cambridge, Cambridgeshire",Technology
94,anthony nolan,Ghosted,Insight Analyst,03-20-24,30771,"London, Greater London",Non-Profit
95,bennett and game recruitment ltd,Ghosted,Junior Software Developer,03-20-24,34494,"London, Greater London",Recruitment
96,adecco,Ghosted,Junior Software Engineer,03-20-24,27805,"London, Greater London",Recruitment
97,diligenta,Rejected,Actuarial Analyst,03-22-24,36094,"London, Greater London",Financial Services
98,pn daly ltd,Rejected,Assistant Data Analyst (Water),03-23-24,26774,"London, Greater London",Utility 
99,one big circle ltd,Ghosted,Junior Software Developer,03-23-24,25195,"London, Greater London",Technology
100,argid limited,Ghosted,Sales Administrator,03-23-24,37456,"London, Greater London",Consulting
101,hyperexponential,Ghosted,Model Developer,03-24-24,32929,"London, Greater London",Technology
102,albany beck,Rejected,Junior Data Analyst,03-25-24,35344,"London, Greater London",Consulting
103,cognism,Ghosted,Data Scientist,03-28-24,39308,"London, Greater London",Technology
104,michael bailey associates,Rejected,Python Developer,03-30-24,30070,"London, Greater London",Recruitment
105,i-neda ltd,Rejected,Test & Support Engineer,03-31-24,37178,"London, Greater London",Gambling
106,count,Ghosted,Data Consultant,04-24-00,30000,"London, Greater London",Financial Technology
107,kingsway group,Ghosted,Data Analyst,04-24-00,35000,"London, Greater London",Manufacturing
108,mencap,Rejected,Data Analyst,04-24-00,35000,"London, Greater London",Non-Profit
109,performance analyst,Rejected,Equans,04-24-00,32978,"London, Greater London",Consulting
110,accountable recruitment limited,Rejected,Finance Analyst,04-24-00,36637,"London, Greater London",Recruitment
111,royal pharmacy society,Offered,Data analytics Apprenticeship,11-13-24,21000,"London, Greater London",Healthcare
112,gateley,Rejected,Business Analyst,04-24-00,30544,"London, Greater London",Legal Services
113,la fosse associates ltd,Ghosted,Intelligence Analyst,04-24-00,30204,"London, Greater London",Unknown
114,artefact,Rejected,Junior Data Engineer,04-24-00,28314,"London, Greater London",Consulting
115,right now residential,Rejected,Junior Property Analyst,04-24-00,30893,"London, Greater London",Real Estate
116,hays,Ghosted,Data Analyst (Investment Banking),04-24-00,35000,"London, Greater London",Recruitment
117,just group,Ghosted,Data and Implementation Analyst,04-24-00,38657,"London, Greater London",Financial Services
118,myairops,Rejected,Data Reporting Analyst (12 Month FTC),04-24-00,32002,"London, Greater London",Technology
119,zeki,Rejected,Data Support Assistant,04-13-24,32083,"London, Greater London",Technology
120,matchtech technology,Ghosted,Analytical Scientist,04-14-24,26736,"London, Greater London",Recruitment
121,scipro,Ghosted,Back-end Developer,04-14-24,31290,"London, Greater London",Recruitment
122,intellect group,Rejected,Data Analyst,04-14-24,35000,"London, Greater London",Recruitment
123,micropathology ltd,Ghosted,Data Entry,04-14-24,26000,"London, Greater London",Biotechnology
124,barker ross,Ghosted,Data Scientist,04-14-24,28993,"London, Greater London",Recruitment
125,information tech consultants,Ghosted,Data Scientist,04-14-24,26210,"London, Greater London",Consulting
126,pontoon,Ghosted,Data Scientist,04-14-24,32464,"London, Greater London",Recruitment
127,illumina,Rejected,Data Scientist (Intern or Graduate),04-14-24,21000,"Cambridge, Cambridgeshire",Biotechnology
128,jisc,Ghosted,Data steward - Hybrid,04-14-24,29060,"London, Greater London",Education Technology
129,it graduate,Ghosted,Graduate/Junior Machine Learning Engineer,04-14-24,25443,"London, Greater London",Recruitment
130,it graduate,Ghosted,Graduate/Junior Software Developer,04-14-24,55000,"London, Greater London",Recruitment
131,hyper recruitment solutions ltd,Ghosted,Protein Characterisation Scientist,04-14-24,36970,"London, Greater London",Recruitment
132,ck group,Ghosted,Protein Scientist,04-14-24,37927,"London, Greater London",Recruitment
133,adecco,Ghosted,Senior Data Scientist (Python/SQL/Databricks/Pyspark),04-14-24,38218,"London, Greater London",Recruitment
134,omnicom,Ghosted,Data Analyst,04-16-24,35000,"London, Greater London",Advertising
135,rbw consulting,Rejected,Python Developer,04-17-24,36561,"London, Greater London",Recruitment
136,biovia,Rejected,Scientific Solution Developer (Internship),04-17-24,36302,"Cambridge, Cambridgeshire",Technology
137,capua,Rejected,Graduate Data Analyst,04-19-24,29346,"London, Greater London",Consulting
138,veeva systems inc,Ghosted,Python Data Engineer (Remote),04-19-24,29472,"London, Greater London",Technology
139,speechmatics,Ghosted,Software Engineering Internship (Machine Learning Team),04-19-24,50589,"London, Greater London",Technology
140,ayko digital ltd,Rejected,Data Science & CRO Analyst,04-21-24,37006,"London, Greater London",Unknown
141,reallymoving,Rejected,Junior Data Analyst,04-21-24,27555,"London, Greater London",Real Estate
142,marex,Ghosted,Credit Analyst,04-22-24,38118,"London, Greater London",Financial Services
143,janus henders,Ghosted,ESG Data Analyst,04-23-24,26409,"London, Greater London",Unknown
144,munich re specialty - global markets,Ghosted,Property Analyst,04-23-24,34768,"London, Greater London",Insurance
145,aspen insurance group,Rejected,Data Graduate,04-25-24,26000,"London, Greater London",Insurance
146,portfolio information analyst,Rejected,Hiscox,04-26-24,30929,"London, Greater London",Financial Services
147,jsk consultancy ltd,Ghosted,KYC/AML Analyst,04-29-24,34935,"London, Greater London",Consulting
148,youlend,Rejected,Data Analyst,04-30-24,35000,"London, Greater London",Financial Technology
149,2i recruit ltd,Ghosted,Report Administrator,04-30-24,25651,"London, Greater London",Unknown
150,hunter ahp resourcing,Ghosted,CV Enquiry,05-24-00,0,"London, Greater London",Recruitment
151,financial conduct authority,Ghosted,Data Analyst (12 month Fixed-Term Contract),05-24-00,35000,"London, Greater London",Government
152,randstad,Ghosted,Lab Technician,05-24-00,36102,"London, Greater London",Recruitment
153,adecco,Ghosted,Lab Technician (food science) - temp contract,05-24-00,31211,"London, Greater London",Recruitment
154,aspire people,Ghosted,Secondary Science Teacher,05-24-00,25467,"London, Greater London",Recruitment
155,career sprint,Ghosted,Trainee Data Analyst,05-24-00,33839,"London, Greater London",Recruitment
156,jobwize,Ghosted,Trainee Data Analyst,05-24-00,33839,"London, Greater London",Recruitment
157,hunter ahp resourcing,Ghosted,Band 2 Medical Lab Assistant,05-24-00,36173,"London, Greater London",Recruitment
158,mane contract services,Ghosted,Data Scientist,05-24-00,28865,"London, Greater London",Recruitment
159,danaher,Rejected,Data Analyst,05-24-00,35000,"London, Greater London",Conglomerate
160,trutex ltd,Ghosted,Data Analyst,05-24-00,35000,"London, Greater London",Unknown
161,technology summer internship (london),Ghosted,Prudential Distribution Limited,05-24-00,31108,"London, Greater London",Recruitment
162,credit agricole cib,Ghosted,Summer Internship Programme 2024 - IT Department,05-24-00,48411,"London, Greater London",Financial Services
163,it graduate,Ghosted,Graduate/Junior Software Developer (£50-60k) + Bonus,05-24-00,32885,"London, Greater London",Recruitment
164,in technology group,Rejected,BI Analyst,05-24-00,29883,"London, Greater London",Recruitment
165,reed technology,Rejected,Data Analyst,05-24-00,35000,"London, Greater London",Recruitment
166,hays,Rejected,Junior Data scientist,05-24-00,27278,"London, Greater London",Recruitment
167,illuma technology,Rejected,Software Engineer,05-24-00,31658,"London, Greater London",Technology
168,mimecast,Ghosted,Software Engineering Intern,05-24-00,53039,"London, Greater London",Technology
169,cosourced,Ghosted,Account Support Coordinator,05-14-24,28711,"London, Greater London",Consulting
170,sava,Ghosted,Data Scientist I/II,05-14-24,37033,"London, Greater London",Consulting
171,octopus energy group,Rejected,Software Engineer,05-14-24,42621,"London, Greater London",Energy
172,hays,Ghosted,Data Analyst ERP Systems,05-16-24,35000,"London, Greater London",Recruitment
173,gekko,Ghosted,Junior Data Analyst,05-16-24,36894,"Bury, Berkshire",Marketing
174,xelix,Ghosted,Python Developer,05-17-24,35338,"London, Greater London",Technology
175,how to job ltd,Ghosted,Entry-Level Data Analyst,05-19-24,33398,"Manchester, Lancashire",Unknown
176,gate.io,Rejected,API Intern,05-20-24,35491,"London, Greater London",Financial Technology
177,aviva,Rejected,Data Engineering Associate,05-20-24,45000,"London, Greater London",Financial Services
178,connexa,Ghosted,Data Analyst,05-21-24,35000,"London, Greater London",Recruitment
179,ambee beauty clinic,Rejected,Digital Marketing Analyst,05-21-24,39426,"London, Greater London",Healthcare
180,pennylane,Rejected,Backend Engineer Ruby on Rails,05-25-24,25428,"London, Greater London",Financial Technology
181,vfs global uk limited,Ghosted,Operational Support Analyst,05-25-24,30901,"London, Greater London",Services
182,local solution,Ghosted,Data Guru,05-31-24,26000,"London, Greater London",Non-Profit
183,roundsys ltd,Ghosted,Business Analyst,06-24-00,30124,"London, Greater London",Unknown
185,sammons recruitment ltd,Ghosted,Finance Analyst,06-24-00,25921,"London, Greater London",Recruitment
186,berkeley square it ltd,Ghosted,Junior Database Developer,06-24-00,30509,"London, Greater London",Recruitment 
187,berkeley square it ltd,Ghosted,Junior Database Developer,06-24-00,37755,"London, Greater London",Recruitment 
188,golondon group,Ghosted,Junior Energy Analyst,06-24-00,27258,"London, Greater London",Recruitment
189,career sprint,Ghosted,Trainee Data Analyst,06-24-00,33839,"London, Greater London",Recruitment
190,diversita,Rejected,Data Consultant - London,06-24-00,30000,"London, Greater London",Recruitment and consultancy
191,txm recruit,Ghosted,Graduate Data Analyst,06-24-00,37798,"London, Greater London",Recruitment
192,reds10 (uk) ltd,Ghosted,Graduate Data Analyst,06-24-00,38893,"London, Greater London",Construction 
193,txm recruit,Ghosted,Graduate Data Analyst,06-24-00,37178,"London, Greater London",Recruitment
194,edf limited,Ghosted,Data Engineer,06-24-00,30000,"London, Greater London",Energy
195,barrington james,Ghosted,Python RPA Developer,06-13-24,34728,"London, Greater London",Recruitment
196,bbc,Ghosted,Data Science Degree Apprenticeship - Level 6 - London - Product Group,06-15-24,31515,"London, Greater London",Media
197,energy jobline,Ghosted,Data Scientist,06-15-24,37300,"London, Greater London",Energy
198,aqa,Ghosted,Assessment Analyst,06-16-24,39986,"London, Greater London",Unknown
199,hyper recruitment solutions ltd,Ghosted,Biologist,06-17-24,36425,"London, Greater London",Recruitment
200,aviva,Rejected,Data Graduate,06-17-24,26000,"London, Greater London",Financial Services
201,s3 science,Ghosted,Junior Biomedical Scientist,06-17-24,31147,"London, Greater London",Recruitment
202,enterprise recruitment ltd,Ghosted,Junior Data Scientist,06-17-24,31801,"London, Greater London",Recruitment
203,northreach,Ghosted,Quality Control Scientist I / II,06-17-24,39382,"London, Greater London",recruitment 
204,northreach,Ghosted,Scientist,06-17-24,36460,"London, Greater London",recruitment 
205,bjss,Ghosted,Software Engineer,06-17-24,53304,"London, Greater London",Unknown
206,career sprint,Ghosted,Trainee Data Analyst,06-17-24,33839,"London, Greater London",Recruitment
207,career sprint,Ghosted,Trainee Data Analyst,06-17-24,33839,"London, Greater London",Recruitment
208,hatched recruitment group,Rejected,Data Analyst,06-19-24,35000,"London, Greater London",Recruitment
209,funding circle,Ghosted,Analytics Engineer,06-20-24,35371,"London, Greater London",Unknown
210,lidl gb,Ghosted,Customs Data Analyst 12 month FTC,06-20-24,36114,"London, Greater London",Unknown
211,zurich insurance company ltd,Rejected,Data And Analytics Graduate Programme 2025 - London,06-20-24,32063,"London, Greater London",insurance 
212,bending spoons,Ghosted,Data Analyst,06-22-24,35000,"London, Greater London",Unknown
213,alphasights,Rejected,Graduate Product Analyst,06-22-24,37897,"London, Greater London",IT
214,xcede uk,Ghosted,Data Analyst / Analytics Engineer,06-23-24,35000,"London, Greater London",Recruitment
215,3h partners,Ghosted,Junior Business Analyst,06-23-24,27030,"London, Greater London",Unknown
216,elpis maritime limited,Rejected,Investment Analyst,06-27-24,37387,"London, Greater London",Unknown
217,evolveyou,Rejected,Junior Data Analyst,06-27-24,29606,"London, Greater London",Unknown
218,ki,Rejected,Data Analyst,06-29-24,35000,"London, Greater London",Unknown
219,lightyear,Rejected,Data Analyst,06-30-24,35000,"London, Greater London",Financial Technology
220,diamond light source,Ghosted,Data Analysis Scientist,07-24-00,34488,"London, Greater London",Unknown
221,xcede uk,Ghosted,BI Analyst,07-24-00,25360,"London, Greater London",Recruitment
222,experis,Ghosted,Data Quality Analyst 365 / SQL / Azure,07-24-00,25078,"London, Greater London",Unknown
223,alphasights,Rejected,Graduate Analyst Strategy & Analytics,07-24-00,37706,"London, Greater London",IT
224,hays,Rejected,Business Data Analyst,07-24-00,37734,"London, Greater London",Recruitment
225,adverity,Rejected,Python Engineer,07-24-00,27855,"London, Greater London",Unknown
226,cedar recruitment,Rejected,Business Data Analyst,07-13-24,28413,"London, Greater London",Recruitment
227,accountable recruitment limited,Rejected,Junior Data Analyst,07-13-24,33495,"London, Greater London",Recruitment
228,joinrs uk,Ghosted,Junior Data Scientist & AI,07-16-24,34054,Remote,Human Resources Services
229,job switch ltd,Rejected,Data Scientist,07-18-24,33959,"London, Greater London",Unknown
230,capital on tap,Rejected,Growth Data Analyst,07-18-24,34310,"London, Greater London",Unknown
231,austin fraser,Ghosted,Junior Data Analyst,07-19-24,30478,"London, Greater London",Recruitment
232,winterflood securities,Rejected,Junior IT Support Analyst,07-20-24,39654,"London, Greater London",Unknown
233,fortice,Ghosted,Software Engineer (Python),07-22-24,45528,"London, Greater London",Unknown
234,welsh water,Rejected,Data Graduate,07-23-24,26000,"London, Greater London",Unknown
235,fuse energy,Ghosted,Senior Data Scientist Commodities,07-23-24,28371,"London, Greater London",Energy
236,idexx,Ghosted,Technical Data Specialist,07-23-24,37406,"London, Greater London",Unknown
237,nhs professionals,Rejected,Administrator,07-25-24,37463,"London, Greater London",Healthcare
238,iag cargo,Rejected,Business Analyst,07-27-24,32729,"London, Greater London",Unknown
239,portland leisure advisers,Ghosted,Business & Property Analyst,07-28-24,32335,"London, Greater London",Unknown
240,lorien,Ghosted,Junior Data Scientist,08-24-00,35707,"London, Greater London",Unknown
241,crane court gallery,Ghosted,Admin and marketing support,08-24-00,29241,"London, Greater London",Unknown
242,a lings group limited,Rejected,Office Administrator/Customer Service,08-24-00,35662,"London, Greater London",Unknown
243,innovate,Rejected,Data Scientist,08-24-00,25070,"London, Greater London",Consulting
244,allica bank,Ghosted,Data Analyst,08-24-00,35000,"London, Greater London",Unknown
245,transport for london,Rejected,Data Analyst - Business Services,08-24-00,35000,"London, Greater London",Transportation
246,adecco,Ghosted,CV Enquiry,08-24-00,0,"London, Greater London",Recruitment
247,cititec,Ghosted,CV Enquiry,08-24-00,0,"London, Greater London",Unknown
248,gordon yates,Ghosted,CV Enquiry,08-24-00,0,"London, Greater London",Recruitment
249,harvey nash,Ghosted,CV Enquiry,08-24-00,0,"London, Greater London",Recruitment
250,interquest group,Ghosted,CV Enquiry,08-24-00,0,"London, Greater London",Recruitment
251,kx recruit,Ghosted,CV Enquiry,08-24-00,0,"London, Greater London",Recruitment
252,linkpoint recruitment specialists,Ghosted,CV Enquiry,08-24-00,0,"London, Greater London",Recruitment
253,maclean moore,Ghosted,CV Enquiry,08-24-00,0,"London, Greater London",Recruitment
254,marks sattin,Ghosted,CV Enquiry,08-24-00,0,"London, Greater London",Recruitment
255,michael james associates,Ghosted,CV Enquiry,08-24-00,0,"London, Greater London",Recruitment
256,vanguard group,Rejected,Data Analyst,08-24-00,35000,"London, Greater London",Unknown
257,plenitude consulting,Rejected,Junior Consultant | Financial Crime Risk,08-24-00,28068,"London, Greater London",Consulting
258,qualient,Rejected,Junior Data Analyst,08-24-00,29087,"London, Greater London",Unknown
259,razorpoint,Ghosted,Junior Data Analyst,08-24-00,39221,"London, Greater London",Unknown
260,twilio,Rejected,"Software Engineer, Flex",08-24-00,41241,"London, Greater London",Unknown
261,gracye,Rejected,Data Graduate - London,08-24-00,26800,"London, Greater London",Consulting
262,career sprint,Ghosted,Trainee Data Analyst,08-24-00,33839,"London, Greater London",Recruitment
263,career sprint,Ghosted,Trainee Data Analyst,08-24-00,33839,"London, Greater London",Recruitment
264,shift technology,Ghosted,Graduate Data Scientist,08-13-24,27329,"London, Greater London",Unknown
265,ea change,Ghosted,Graduate Data Analyst,08-14-24,37276,"Manchester, Lancashire",Unknown
266,nhs,Ghosted,Graduate Data Analyst,08-14-24,31877,"London, Greater London",Healthcare
267,wintermute,Rejected,Core Developer Python,08-15-24,25012,"London, Greater London",Unknown
268,verian group,Ghosted,Data Administrator CPI,08-15-24,39680,"London, Greater London",Unknown
269,lightyear,Rejected,Data Analyst,08-15-24,35000,"London, Greater London",Unknown
270,zeki,Rejected,Data Assistant,08-15-24,29000,"London, Greater London",Technology
271,sellick partnership,Ghosted,Actuarial Analyst (Pensions),08-16-24,29964,"London, Greater London",Unknown
272,hays,Ghosted,Business Data Analyst,08-16-24,39135,"London, Greater London",Recruitment
273,vertical advantage limited,Ghosted,Commercial Data Analyst,08-16-24,28640,"London, Greater London",Recruitment
274,corecom consulting,Ghosted,Data Analyst,08-16-24,35000,"London, Greater London",Consulting
275,data careers ltd,Ghosted,Data Analyst,08-16-24,35000,"London, Greater London",Unknown
276,harvey beric associates,Ghosted,Data Analyst,08-16-24,35000,"London, Greater London",Recruitment
277,huxley associates,Ghosted,Data Analyst,08-16-24,35000,"London, Greater London",Recruitment
278,in technology group,Ghosted,Data Analyst,08-16-24,35000,"London, Greater London",Recruitment
279,in technology group,Ghosted,Data Analyst,08-16-24,35000,"London, Greater London",Recruitment
280,nextech,Ghosted,Data Analyst,08-16-24,35000,"London, Greater London",Unknown
281,proactive appointments,Ghosted,Data Analyst,08-16-24,35000,"London, Greater London",Unknown
282,probus recruitment ltd,Ghosted,Data Analyst,08-16-24,35000,"London, Greater London",Recruitment
283,sewell wallis ltd,Ghosted,Data Analyst,08-16-24,35000,"London, Greater London",Unknown
284,sf recruitment,Ghosted,Data Analyst,08-16-24,35000,"London, Greater London",Recruitment
285,pertemps,Ghosted,Data Analyst,08-16-24,35000,"Warwick, Warwickshire",Recruitment
286,nigel frank international,Ghosted,Data Analyst - Power BI,08-16-24,35000,"London, Greater London",Recruitment
287,omni rms,Ghosted,Data Analyst & Business Intelligence Lead,08-16-24,35000,"London, Greater London",Unknown
288,data careers ltd,Ghosted,Data Scientist,08-16-24,33606,"London, Greater London",Unknown
289,duval associates,Ghosted,Junior Business Analyst,08-16-24,25202,"London, Greater London",Unknown
290,vermelo rpo,Ghosted,Portfolio Analyst,08-16-24,27051,"London, Greater London",Unknown
291,sr2,Ghosted,Python Software Engineer,08-16-24,36722,"London, Greater London",Unknown
292,urban jungle,Ghosted,Software Engineer Data,08-16-24,50340,"London, Greater London",Unknown
293,"10,000 black interns",Rejected,"10,000 Black Interns Programme",08-18-24,0,"London, Greater London",Unknown
294,client server,Ghosted,CV Enquiry,08-18-24,0,"London, Greater London",Unknown
295,ishanvi limited,Ghosted,Business Analyst,08-19-24,32439,"London, Greater London",Unknown
296,nigel frank international,Ghosted,Business Support Analyst - Power BI,08-19-24,39614,"London, Greater London",Unknown
297,langley james,Ghosted,CV Enquiry,08-19-24,0,"London, Greater London",Recruitment
298,diagonal recruitment,Rejected,Data Analyst,08-19-24,47500,"London, Greater London",Recruitment
299,hays,Rejected,Data Analyst,08-19-24,47500,"London, Greater London",Recruitment
300,finlay jude associates,Ghosted,Data Analyst,08-19-24,35000,"London, Greater London",Recruitment
301,kenton black,Ghosted,Data Analyst,08-19-24,35000,"London, Greater London",Recruitment
302,think specialist recruitment,Ghosted,Inventory and Stock Analyst,08-19-24,37766,"London, Greater London",Recruitment
303,bip uk,Rejected,Junior Data Scientist,08-19-24,36669,"London, Greater London",Unknown
304,intellect group,Rejected,Junior Data Scientist,08-19-24,32666,"London, Greater London",Recruitment
305,joinrs,Rejected,Junior Data Scientist & AI,08-19-24,35000,"London, Greater London",Unknown
306,austin fraser,Rejected,Junior Data Scientist & AI,08-19-24,40000,"London, Greater London",Recruitment
307,think specialist recruitment,Ghosted,Stock and Inventory Analyst,08-19-24,41092,"London, Greater London",Recruitment
308,localjobs4u,Ghosted,Trainee Business Analyst,08-19-24,26000,"London, Greater London",Unknown
309,recruitment index,Rejected,Administrator,08-20-24,27636,"London, Greater London",Recruitment
310,levy professionals,Ghosted,CV Enquiry,08-20-24,0,"London, Greater London",Recruitment
311,qa,Rejected,Data Analyst Apprentice,08-21-24,35000,"London, Greater London",Digital and Tech
312,qa,Rejected,Data Technician Apprentice,08-21-24,15000,"London, Greater London",Digital and Tech
313,be amazed media ltd,Ghosted,Machine Learning Engineer,08-21-24,35686,"London, Greater London",Unknown
314,etoro,Rejected,Business Analyst,08-22-24,28050,"London, Greater London",Financial Technology
315,wintermute,Rejected,Core Developer (Python),08-22-24,132500,"London, Greater London",Unknown
316,ranstad,Ghosted,CV Enquiry,08-22-24,0,"London, Greater London",Recruitment
317,randstad,Rejected,Data Analyst Apprentice,08-22-24,35000,"London, Greater London",Recruitment
318,randstad,Ghosted,Data Analyst Apprentice,08-22-24,35000,"London, Greater London",Recruitment
319,trustpliot,Rejected,Data Analyst Commercial/Marketing,08-22-24,35000,"London, Greater London",Unknown
320,ngenium,Ghosted,Data Consultant,08-22-24,30000,"London, Greater London",Unknown
321,babington,Ghosted,Data Insights and Reporting Analyst,08-22-24,38840,"London, Greater London",Unknown
322,just it recruitment,Ghosted,Data Skills Bootcamp,08-22-24,39733,"London, Greater London",Recruitment
323,just it recruitment,Ghosted,Data Skills Bootcamp,08-22-24,33744,"London, Greater London",Recruitment
324,sanctuary group,Rejected,Graduate Development Programme - Technology,08-23-24,35875,"London, Greater London",Unknown
325,baltic apprenticeship,Rejected,Junior Data Analyst,08-23-24,18000,"London, Greater London",Digital and Tech
326,in technology group,Rejected,BI / Data Analyst,08-24-24,32500,"London, Greater London",Recruitment
327,how to job ltd,Rejected,Entry-Level Data Analyst,08-24-24,37500,"London, Greater London",Unknown
328,how to job ltd,Rejected,Graduate Data Analyst,08-24-24,37500,"London, Greater London",Unknown
329,bsw heating ltd,Rejected,Commercial Contract Administrator,08-25-24,34991,"London, Greater London",Unknown
330,amazon web services,Rejected,"Business Developer Intern, AWS",08-26-24,27574,"London, Greater London",Unknown
331,playstation global,Rejected,"Business Intelligence Analyst, Data Literacy Services",08-27-24,35427,"London, Greater London",Unknown
332,sparta global,Rejected,Junior Business Analyst,08-29-24,25000,"London, Greater London",Technology & Education
333,sparta global,Rejected,Junior Data Consultant,08-29-24,25000,"London, Greater London",Technology & Education
334,sparta global,Rejected,Junior Technology Consultant,08-29-24,24000,"London, Greater London",Technology & Education
335,_nology,Rejected at final stage,Pathway To Tech Program | Become A Developer (Ref.Eng20),08-29-24,30000,"London, Greater London",Technology
336,this is alexander faraday,Rejected,Data Analyst,08-30-24,30000,"London, Greater London",Unknown
337,nfp people ltd,Rejected,Data Analyst,08-30-24,30000,"London, Greater London",Unknown
338,computappoint,Rejected,Data Analyst,08-30-24,45000,"London, Greater London",Unknown
339,robert half,Rejected,Data Analyst,08-30-24,47500,"London, Greater London",Recruitment
340,dataannotation,Ghosted,Data Analyst - AI Trainer,08-30-24,35000,"London, Greater London",Unknown
341,talent staffing ltd,Rejected,Junior Business Analyst,08-30-24,37500,"London, Greater London",Recruitment
342,reed talent solutions,Rejected,Junior Data Analyst,08-30-24,45573,"London, Greater London",Recruitment
343,lorien resourcing,Rejected,Junior Data Analyst/Data Administrator,08-30-24,36400,"London, Greater London",Recruitment
344,frontline group,Rejected,Apprentice Data Analyst,08-31-24,33695,"London, Greater London",Unknown
345,burton bolton & rose recruitment services,Rejected,Data Analyst,08-31-24,30000,"London, Greater London",Recruitment
346,proactive appointments,Rejected,Data Analyst,08-31-24,123500,"London, Greater London",Unknown
347,no1 legal and professional,Rejected,Data Analyst,08-31-24,35000,"London, Greater London",Unknown
348,proactive appointments,Ghosted,Data Analyst,08-31-24,35000,"London, Greater London",Unknown
349,burton bolton & rose recruitment services,Rejected,Data Analyst,08-31-24,35000,"Slough, Berkshire",Recruitment
350,no1 legal and professional,Rejected,Data Analyst,08-31-24,35000,"London, Greater London",Unknown
351,bank of america,Rejected,Global Technology Apprentice 2024 - London,09-24-00,34489,"London, Greater London",Financial Services
352,blackrock,Rejected,Analyst Programme Technology AI 2025,09-24-00,34860,"London, Greater London",Financial Services
353,blackrock,Rejected,Analyst Programme Technology Analytics & Modeling 2025,09-24-00,34452,"London, Greater London",Financial Services
354,recruitment index,Ghosted,Fulfilment Administrator,09-24-00,26661,"London, Greater London",Recruitment
355,starling bank,Rejected,Java Software Engineer,09-24-00,37503,"London, Greater London",Financial Technology
356,blackrock,Rejected,Analyst Programme - Operations - Data Operations - 2025,09-24-00,38000,"London, Greater London",Financial Services
357,blackrock,Rejected,Analyst Programme - Technology - Analytics & Modeling - 2025,09-24-00,36312,"London, Greater London",Financial Services
358,qa,Rejected,Data Analyst Apprentice,09-24-00,35000,"London, Greater London",Technology & Education
359,qa,Rejected,Data and Systems Analyst Apprentice,09-24-00,27000,"London, Greater London",Technology & Education
360,goodman masson,Ghosted,Junior Data Analyst,09-24-00,40000,"London, Greater London",Recruitment
361,cambridge spark,Rejected,Level 4 Data Analyst Apprenticeship,09-24-00,32517,"London, Greater London",Technology & Education
362,cambridge spark,Rejected,Level 5 Data Engineering Apprenticeship,09-24-00,25565,"London, Greater London",Technology & Education
363,executive recruitment ltd,Rejected,Graduate Analyst,09-24-00,31000,"London, Greater London",Recruitment
364,information tech consultants,Ghosted,Junior Data Engineer,09-24-00,32500,"London, Greater London",Consulting
365,information tech consultants,Rejected,Junior Data Engineer,09-24-00,32500,"London, Greater London",Consulting
366,aqa,Ghosted,Process Analyst,09-24-00,38149,"London, Greater London",Unknown
367,s4 personel limited,Rejected,Business Intelligence Analyst Graduate,09-24-00,24500,"Slough, Berkshire",Unknown
368,huxley associates,Ghosted,Data Engineer,09-24-00,45000,"London, Greater London",Recruitment
369,in technology group,Ghosted,Data Engineer,09-24-00,45000,"London, Greater London",Recruitment
370,intec select,Ghosted,Data Engineer,09-24-00,45000,"London, Greater London",Recruitment
371,ubiquity press,Ghosted,Data Engineer,09-24-00,45000,"London, Greater London",Recruitment
372,talenttrade recruitment limited,Ghosted,Data/ETL Engineer,09-24-00,37446,"London, Greater London",Recruitment
373,verisure services (uk) limited,Rejected,Junior Strategy Analyst,09-24-00,27157,"London, Greater London",Recruitment
374,alfred rennox,Ghosted,Trainee Data Analyst,09-24-00,30000,"London, Greater London",Recruitment
375,taylor james resourcing,Ghosted,Data MI Analyst Power Bi,09-24-00,35300,"London, Greater London",Recruitment
376,uxbridge employment agency,Rejected,Graduate Project Executive,09-24-00,29956,"Ruislip, Greater London",Recruitment
377,office angels,Ghosted,Temporary Data Analyst - Entry Level,09-24-00,36897,"London, Greater London",Recruitment
378,legal and general,Rejected,Data Analyst,09-24-00,35000,"London, Greater London",Financial Services
379,linktree,Ghosted,"Backend Engineer, Data & Machine Learning",09-14-24,27851,"London, Greater London",Recruitment
380,cadence design systems,Rejected,Software Engineer I,09-14-24,37452,"London, Greater London",Unknown
381,iq talent solutions,Rejected,3 X Data Cleanser - Housing,09-15-24,58500,"London, Greater London",Recruitment
382,iq talent solutions,Rejected,3 X Data Cleanser - Housing,09-15-24,38229,"London, Greater London",Recruitment
383,people tower ltd,Ghosted,Analyst,09-15-24,38001,"London, Greater London",Unknown
384,build recruitment,Ghosted,Data Administrator,09-15-24,40040,"London, Greater London",Recruitment
385,builondon recruitment,Ghosted,Data Administrator,09-15-24,36870,"London, Greater London",Recruitment
386,russell king associates,Ghosted,Data Analyst,09-15-24,46259,"London, Greater London",Unknown
387,novax recruitment,Ghosted,Data Analyst,09-15-24,79300,"London, Greater London",Recruitment
388,hays,Rejected,Data Analyst,09-15-24,79950,"London, Greater London",Recruitment
389,hatched recruitment group,Rejected,Data Analyst,09-15-24,90480,"London, Greater London",Recruitment
390,hatched recruitment group,Ghosted,Data Analyst,09-15-24,90480,"London, Greater London",Recruitment
391,hatched recruitment group,Ghosted,Data Analyst,09-15-24,35000,"London, Greater London",Recruitment
392,hays,Ghosted,Data Analyst,09-15-24,35000,"London, Greater London",Recruitment
393,novax recruitment,Ghosted,Data Analyst,09-15-24,35000,"London, Greater London",Recruitment
394,russell king associates,Ghosted,Data Analyst,09-15-24,35000,"London, Greater London",Unknown
395,io sphere,Ghosted,Data Analyst (Entry Level),09-15-24,35000,"London, Greater London",Unknown
396,awin,Rejected,Data Engineer (AI/ML),09-15-24,45000,"London, Greater London",Unknown
397,awin,Rejected,Data Engineer AI/ML,09-15-24,45000,"London, Greater London",Unknown
398,carbon 60,Ghosted,Data Entry,09-15-24,26000,"London, Greater London",Unknown
399,pontoon,Ghosted,Data Insight Analyst,09-15-24,26000,"London, Greater London",Recruitment
400,randstad,Ghosted,Data Insights Analyst,09-15-24,94900,"London, Greater London",Recruitment
401,pontoon,Rejected,Data Insights Analyst,09-15-24,156000,"London, Greater London",Recruitment
402,randstad,Ghosted,Data Insights Analyst,09-15-24,30000,"London, Greater London",Recruitment
403,how to job ltd,Ghosted,Entry-Level Data Analyst,09-15-24,27779,"London, Greater London",Unknown
404,83zero ltd,Ghosted,BI Analyst,09-16-24,31472,"London, Greater London",Recruitment
405,liberis,Rejected,Credit Risk Analyst,09-16-24,36465,"London, Greater London",Unknown
406,bae systems,Ghosted,Graduate Data Consultant,09-17-24,34000,"London, Greater London",Unknown
407,citygrad,Ghosted,Graduate Project Support Analyst,09-19-24,30557,"London, Greater London",Unknown
408,regal brooke limited,Ghosted,Trainee ESG Analyst,09-19-24,33839,"London, Greater London",Unknown
409,appointments group,Ghosted,Data Analyst,09-20-24,35000,"London, Greater London",Unknown
410,boston hale,Ghosted,Data Analyst,09-20-24,35000,"London, Greater London",Unknown
411,focus resourcing,Ghosted,Data Analyst,09-20-24,35000,"London, Greater London",Unknown
412,hays,Ghosted,Data Analyst,09-20-24,35000,"London, Greater London",Recruitment
413,intec select,Ghosted,Data Analyst,09-20-24,35000,"London, Greater London",Recruitment
414,manpower uk ltd,Ghosted,Data Analyst,09-20-24,35000,"London, Greater London",Unknown
415,venture recruitment partners,Ghosted,Data Analyst,09-20-24,35000,"London, Greater London",Recruitment
416,kairos recruitment group,Ghosted,Data Analyst - Adverity,09-20-24,35000,"London, Greater London",Recruitment
417,lhh recruitment,Ghosted,Data Analyst - Data Governance,09-20-24,35000,"London, Greater London",Recruitment
418,the workplace consultancy,Ghosted,Data Analyst - Python / Power Bi,09-20-24,35000,"London, Greater London",Consulting
419,chapman tate associates,Ghosted,Data Analyst (Finance),09-20-24,35000,"London, Greater London",Recruitment
420,chapman tate associates,Ghosted,Data Analyst (Finance),09-20-24,35000,"London, Greater London",Recruitment
421,arc it recruitment,Ghosted,"Data Analyst, MI and Analytics",09-20-24,34621,"London, Greater London",Recruitment
422,randstad,Ghosted,Data Business Analyst (Data Modelling) x2 - Contract - 6 Months,09-20-24,30000,"London, Greater London",Recruitment
423,tandem talent,Ghosted,HR Reward & Data Analyst,09-20-24,26875,"London, Greater London",Recruitment
424,austin fraser,Ghosted,Junior Data Analyst,09-20-24,39205,"London, Greater London",Recruitment
425,hatched recruitment group,Ghosted,Junior Energy Analyst,09-20-24,34815,"London, Greater London",Recruitment
426,leonardo,Rejected,Graduate Software Engineer,09-21-24,26486,"London, Greater London",Unknown
427,kairos recruitment group,Rejected,Data Analyst - Digital,09-22-24,35000,"London, Greater London",Recruitment
428,e-therapeutics,Rejected,Associate Data Scientist,09-23-24,39056,"London, Greater London",Unknown
429,scalexperts,Rejected,Insight Analyst,09-24-24,33500,"London, Greater London",Unknown
430,in technology group,Ghosted,Data Analyst,09-25-24,35000,"London, Greater London",Recruitment
431,formula 1,Ghosted,Data Analytics Executive,09-25-24,34819,"London, Greater London",Unknown
432,day lewis,Rejected at final stage,Growth Analyst,09-25-24,32500,"Croydon, Greater London",Unknown
433,alfred rennox,Ghosted,Trainee Data Analyst,09-25-24,33839,"London, Greater London",Recruitment
434,vivo talent,Ghosted,Data Analyst,09-26-24,35000,"London, Greater London",Recruitment
435,ajr management ltd,Rejected,Data Analyst,09-28-24,35000,"Burton-on-Trent, Staffordshire",Unknown
436,harnham,Rejected,Data Analyst,09-28-24,35000,"London, Greater London",Recruitment
437,free-work uk,Rejected,Data Analyst,09-28-24,35000,"London, Greater London",Unknown
438,gazelle professional recruitment solution,Ghosted,Data Analyst - Remote,09-28-24,35000,"London, Greater London",Recruitment
439,opus recruitment solutions,Ghosted,Data Scientist,09-28-24,31804,"London, Greater London",Recruitment
440,teksystems,Ghosted,Data Scientist,09-28-24,31193,"London, Greater London",Unknown
441,cherry professional,Ghosted,Data Support Administrator,09-28-24,37760,"London, Greater London",Unknown
442,talent locker,Ghosted,Graduate / Junior Data Analyst (Power BI),09-28-24,25767,"London, Greater London",Recruitment
443,avanti recruitment,Ghosted,Implementation Analyst,09-28-24,25653,"London, Greater London",Recruitment
444,ocs,Ghosted,Junior Business Analyst,09-28-24,38292,"Fifehead Neville, Dorset",Unknown
445,avanti recruitment,Ghosted,Junior Business Analyst,09-28-24,32271,"London, Greater London",Recruitment
446,gekko,Ghosted,Junior Data Analyst,09-28-24,29929,"Bury, Berkshire",Marketing
447,goodman masson,Rejected,Junior Data Analyst,09-28-24,31700,"London, Greater London",Unknown
448,xist4 it recruitment ltd,Ghosted,Junior Technical Support and Data Analyst,09-28-24,38804,"London, Greater London",Recruitment
449,omega resource group,Ghosted,SQL Data Analyst,09-28-24,37537,"London, Greater London",Unknown
450,verisk,Ghosted,Data Analyst Intern - 2025 Summer Internship Program,09-30-24,35000,"London, Greater London",Unknown
451,cps group (uk) limited,Ghosted,BI Analyst,10-24-00,28343,"London, Greater London",Unknown
452,office angels,Ghosted,Business Analyst,10-24-00,28764,"London, Greater London",Recruitment
453,vivo talent,Ghosted,Business Analyst,10-24-00,29813,"London, Greater London",Recruitment
454,finlay jude associates,Ghosted,Commercial Data Analyst,10-24-00,27462,"London, Greater London",Unknown
455,ralph recruitment,Ghosted,Commercial Data Analyst,10-24-00,27025,"London, Greater London",Recruitment
456,bristow holland ltd,Ghosted,Data Analyst,10-24-00,35000,"London, Greater London",Unknown
457,industrious recruitment,Ghosted,Data Analyst,10-24-00,35000,"London, Greater London",Recruitment
458,morson talent,Ghosted,Data Analyst,10-24-00,35000,"London, Greater London",Recruitment
459,randstad,Ghosted,Data Analyst,10-24-00,35000,"London, Greater London",Recruitment
460,tate,Ghosted,Data Analyst,10-24-00,35000,"London, Greater London",Unknown
461,village staff limited,Ghosted,Data Analyst - Supporting Families Programme,10-24-00,35000,"London, Greater London",Unknown
462,cast uk limited,Ghosted,Data Analyst - Sustainability,10-24-00,35000,"London, Greater London",Unknown
463,proactive appointments,Ghosted,Data Engineer - Hybrid Working - OUTSIDE IR35,10-24-00,45000,"London, Greater London",Unknown
464,s3 science,Ghosted,Data Scientist,10-24-00,35465,"London, Greater London",Recruitment
465,omni rms,Ghosted,Excel Data Analyst,10-24-00,32926,"London, Greater London",Unknown
466,investigo,Rejected,Finance Analyst,10-24-00,25253,"London, Greater London",Unknown
467,harper may ltd,Ghosted,Finance Analyst,10-24-00,32245,"Soho, Greater London",Unknown
468,cms uk,Rejected,Finance Analyst - London,10-24-00,30808,"Soho, Greater London",Unknown
469,harmonic group ltd,Rejected,Financial Planning Analyst,10-24-00,32975,"London, Greater London",Unknown
470,reed,Rejected,Junior Finance Analyst,10-24-00,39865,"London, Greater London",Recruitment
471,360 talent london,Rejected,Junior Finance Analyst,10-24-00,36063,"London, Greater London",Recruitment
472,information tech consultants,Ghosted,Junior Machine Learning Engineer,10-24-00,27906,"London, Greater London",Consulting
473,deerfoot recruitment solution limited,Ghosted,Junior SQL Developer,10-24-00,38914,"London, Greater London",Recruitment
474,83zero ltd,Ghosted,Power BI Analyst,10-24-00,25246,"London, Greater London",Recruitment
475,ef recruitment,Ghosted,Data Analyst - SQL,10-24-00,35000,"London, Greater London",Recruitment
476,orbit discovery,Rejected,Scientist (level II),10-24-00,26702,"London, Greater London",Unknown
477,draftkings,Rejected,Data Science Engineer,10-24-00,26161,"London, Greater London",Unknown
478,cognizant,Ghosted,Python Developer,10-24-00,39799,"London, Greater London",Unknown
479,think specialist recruitment,Ghosted,Stock Analyst,10-24-00,43183,"London, Greater London",Recruitment
480,workplace futures group,Rejected,Power BI Analyst,10-24-00,39408,"London, Greater London",Unknown
481,colbern limited,Ghosted,Analyst,10-24-00,38002,"London, Greater London",Unknown
482,builondon recruitment,Ghosted,Data Analyst,10-24-00,35000,"London, Greater London",Recruitment
483,ecs resource group ltd,Ghosted,Data Analyst,10-24-00,35000,"London, Greater London",Unknown
484,fairmont recruitment ltd,Ghosted,Data Analyst,10-24-00,35000,"London, Greater London",Recruitment
485,huntress - key accounts,Ghosted,Data Analyst,10-24-00,35000,"London, Greater London",Unknown
486,morgan mckinley,Ghosted,Data Analyst,10-24-00,35000,"London, Greater London",Unknown
487,ef recruitment,Ghosted,Data Analyst - Lifecycle,10-24-00,35000,"London, Greater London",Recruitment
488,oes,Rejected,Data Analytics Training & Internship,10-24-00,30502,"London, Greater London",Unknown
489,msps limited,Ghosted,HR Data Analyst,10-24-00,31755,"London, Greater London",Unknown
490,hunter selection,Ghosted,IT Rejecteds Analyst,10-24-00,32951,"London, Greater London",Unknown
491,arriva group,Rejected,Data Analyst,10-24-00,35000,"London, Greater London",Unknown
492,imperial college london,Rejected,Research Associate in Software Engineering and Data Analysis for Quality Assurance in Additive Manufacturing,10-24-00,35496,"London, Greater London",Unknown
493,netbuilder hub,Rejected,Graduate DevOps Engineer,10-13-24,33260,"London, Greater London",Unknown
494,redtech recruitment ltd,Ghosted,Graduate Technical Bid Writer,10-14-24,31834,"London, Greater London",Recruitment
495,harris federation,Rejected,Data Analyst Support Oracle,10-18-24,50000,"London, Greater London",Unknown
496,turn2us,Ghosted,Data Analytics Lead,10-18-24,38243,"London, Greater London",Unknown
497,alfred rennox,Ghosted,Trainee Business Analyst,10-18-24,30000,"London, Greater London",Recruitment
498,jll,Rejected,"Junior Data Analyst - UK Residential, Value and Risk Advisory",10-20-24,31660,"London, Greater London",Unknown
499,accurx,Ghosted,Analytics Engineer,10-21-24,33566,"London, Greater London",Unknown
500,spectrum it recruitment,Ghosted,Contract Senior Data Analyst,10-22-24,36503,"London, Greater London",Recruitment
501,hays,Ghosted,Data Analyst,10-22-24,35000,"Cardiff, South Glamorgan",Recruitment
502,erin associates,Rejected,Data Analyst,10-22-24,35000,"Cumbria, North West England",Unknown
503,morgan mckinley,Rejected,Data Analyst,10-22-24,35000,"Epsom, Surrey",Unknown
504,meraki talent limited,Ghosted,Data Analyst,10-22-24,35000,"Kilmarnock, Ayrshire",Recruitment
505,fisher german,Ghosted,Data Analyst,10-22-24,35000,"London, Greater London",Unknown
506,sheridan ward recruitment services,Ghosted,Data Analyst,10-22-24,35000,"Watford, Hertfordshire",Recruitment
507,qubit talent ltd,Ghosted,Data Analyst - Power BI,10-22-24,35000,"London, Greater London",Recruitment
508,harnham,Rejected,Data Quality Analyst,10-22-24,39793,"London, Greater London",Recruitment
509,citygrad,Rejected,Graduate Analyst,10-22-24,28224,"London, Greater London",Unknown
510,carousel consultancy,Ghosted,Graduate Data Analyst,10-22-24,25107,"London, Greater London",Consulting
511,fram search,Rejected,Junior Financial Analyst,10-22-24,25929,"London, Greater London",Unknown
512,omni rms,Ghosted,Business Analyst,10-23-24,29098,"London, Greater London",Unknown
513,ashdown group,Ghosted,Business Analyst,10-23-24,25772,"Potters Bar, Hertfordshire",Unknown
514,akkodis,Ghosted,Business Analyst London - Hybrid To £55k,10-23-24,55000,"London, Greater London",Unknown
515,additional resources,Ghosted,Business Intelligence Analyst,10-23-24,25216,"London, Greater London",Unknown
516,stone talent solutions ltd,Ghosted,Commercial Finance Analyst,10-23-24,34506,"London, Greater London",Recruitment
517,aj bell,Rejected,Counter Fraud Analyst,10-23-24,34909,"Manchester, Greater Manchester",Unknown
518,atlas recruitment group limited,Ghosted,Cyber Security Data Analyst,10-23-24,39136,"London, Greater London",Recruitment
519,nextech,Ghosted,Data Analyst,10-23-24,35000,"Birmingham, West Midlands",Unknown
520,connexa,Ghosted,Data Analyst,10-23-24,35000,"London, Greater London",Recruitment
521,manual,Rejected,Data Analyst,10-23-24,35000,"London, Greater London",Unknown
522,acs business performance ltd,Ghosted,Data Analyst,10-23-24,35000,"London, Greater London",Recruitment 
523,connexa,Ghosted,Data Analyst,10-23-24,35000,"London, Greater London",Recruitment
524,forsyth barnes,Ghosted,Data Analyst,10-23-24,35000,"London, Greater London",Unknown
525,marc daniels,Ghosted,Data Analyst,10-23-24,35000,"London, Greater London",Unknown
526,network it,Ghosted,Data Analyst,10-23-24,35000,"London, Greater London",Recruitment
527,asl technical ltd,Ghosted,Data Analyst,10-23-24,35000,"London, Greater London",Unknown
528,adecco,Ghosted,Data Entry Administrator,10-23-24,26000,"London, Greater London",Recruitment
529,rebel recruitment limited,Ghosted,Data Scientist,10-23-24,27025,"London, Greater London",Recruitment
530,qubit talent ltd,Ghosted,Graduate Data Analyst,10-23-24,32030,"Manchester, Greater Manchester",Recruitment
531,vermelo rpo,Ghosted,Integration Analyst / PMO Analyst,10-23-24,38606,"London, Greater London",Unknown
532,elevation recruitment group,Ghosted,Marketing Data Analyst,10-23-24,25038,"London, Greater London",Recruitment
533,intec select,Ghosted,MS Dynamics F&O Business Analyst,10-23-24,29155,"London, Greater London",Recruitment
534,cedar,Ghosted,Procurement Analyst,10-23-24,36745,"London, Greater London",Unknown
535,hays,Ghosted,Python Developer,10-23-24,37405,"London, Greater London",Recruitment
536,elysium healthcare,Ghosted,Reward Analyst,10-23-24,27966,"Borehamwood, Hertfordshire",Healthcare Technology
537,vermelo rpo,Ghosted,Senior Pricing Analyst,10-23-24,32038,"Manchester, Greater Manchester",Recruitment
538,vermelo rpo,Ghosted,Technical Pricing Analyst,10-23-24,38286,"London, Greater London",Recruitment
539,vermelo rpo,Ghosted,Transaction Monitoring Analyst,10-23-24,38930,"Manchester, Greater Manchester",Recruitment
540,horizon care & education care and education group,Ghosted,Administrator - SEN School,10-24-24,26288,"London, Greater London",Unknown
541,reed,Ghosted,Business Analyst,10-24-24,26801,"Leeds, West Yorkshire",Recruitment
542,acs business performance ltd,Ghosted,Data Analyst,10-24-24,35000,"Haven, East Sussex",Recruitment 
543,computappoint,Ghosted,Data Analyst,10-24-24,35000,"London, Greater London",Unknown
544,transunion,Ghosted,Data Analyst Batch Processing,10-24-24,35000,"Leeds, West Yorkshire",Unknown
545,vermelo rpo,Ghosted,Machine Learning Engineer,10-24-24,28941,"Manchester, Greater Manchester",Unknown
546,vermelo rpo,Ghosted,Technical Pricing Analyst,10-24-24,33907,"Manchester, Greater Manchester",Unknown
547,xpertise recruitment,Ghosted,Technical Data Analyst,10-25-24,33948,"London, Greater London",Recruitment
548,citywire,Rejected,Data Analyst,10-26-24,35000,"London, Greater London",Unknown
549,manpower uk ltd,Ghosted,Analyst,10-28-24,38003,"London, Greater London",Unknown
550,clearcourse,Ghosted,Credit Risk Analyst,10-28-24,27319,"London, Greater London",Unknown
551,jga recruitment,Ghosted,Data Analyst,10-28-24,35000,"London, Greater London",Recruitment
552,linkpoint resources limited,Ghosted,Data Scientist,10-28-24,30998,"London, Greater London",Unknown
553,interquest group,Ghosted,Junior Data Scientist (Causal AI),10-28-24,37899,"London, Greater London",Unknown
554,sr2,Ghosted,Analyst | Data | Cyber | Inside IR35,10-29-24,110500,"London, Greater London",Unknown
555,rullion limited,Ghosted,Cash Analyst,10-29-24,25416,"London, Greater London",Unknown
556,in technology group,Ghosted,Data Analysis Trainer (Bootcamp),10-29-24,57200,"London, Greater London",Recruitment
557,hays,Ghosted,Data Analyst (Front Office - Banking),10-29-24,35000,"London, Greater London",Recruitment
558,hays,Ghosted,Debt Analyst,10-29-24,30150,"London, Greater London",Recruitment
559,dahlia recruitment,Ghosted,Graduate Analyst,10-29-24,29340,"London, Greater London",Recruitment
560,brellis recruitment,Ghosted,Graduate Document Analyst,10-29-24,37761,"London, Greater London",Recruitment
561,network it,Ghosted,Graduate Document Analyst,10-29-24,28959,"London, Greater London",Recruitment
562,gregory martin international,Ghosted,Junior Analyst,10-29-24,32500,"Winchester, Hampshire",Unknown
563,centre for sustainable energy,Ghosted,Junior Analyst,10-29-24,37938,"London, Greater London",Unknown
564,network scientific,Ghosted,Pharmaceutical Analyst,10-29-24,43000,"Camden Area, Greater London",Unknown
565,randstad,Ghosted,Analyst,10-30-24,38000,"Chelmsford, Essex",Recruitment
566,cra consulting,Ghosted,Analyst,10-30-24,38004,"Sheffield, South Yorkshire",Consulting
567,manpower uk ltd,Ghosted,Business Analyst,10-30-24,37500,"Wantage, Oxfordshire",Unknown
568,deltra group,Ghosted,Commercial Analyst,10-30-24,35951,"London, Greater London",Unknown
569,in technology group,Ghosted,Data Analyst,10-30-24,35000,"London, Greater London",Recruitment
570,sphere digital recruitment,Ghosted,Data Analyst - UK Leading Publisher,10-30-24,35000,"London, Greater London",Recruitment
571,page personnel finance,Ghosted,Financial Analyst,10-30-24,28707,"Milton Keynes, Buckinghamshire",Unknown
572,robert half,Ghosted,Financial Analyst,10-30-24,33892,"Richmond, Surrey",Unknown
573,typhoon recruitment,Ghosted,Graduate - Sustainability Consultant,10-30-24,38245,"Bromley, Greater London",Recruitment
574,howett thorpe,Ghosted,Graduate Finance Analyst,10-30-24,27721,"London, Greater London",Unknown
575,unity five ltd,Ghosted,Junior Finance Analyst,10-30-24,30462,"London, Greater London",Unknown
576,the talent crowd,Ghosted,Marketing Analyst,10-30-24,33983,"London, Greater London",Recruitment
577,longreach recruitment,Ghosted,MI & Insight Analyst,10-30-24,42500,"Staines, Surrey",Recruitment
578,adecco,Ghosted,Scientific Analyst,10-30-24,39022,"London, Greater London",Recruitment
579,antony james recruitment ltd,Ghosted,Service Charge Analyst,10-30-24,31258,"London, Greater London",Recruitment
580,mmp consultancy,Ghosted,Service Charge Analyst,10-30-24,28305,"London, Greater London",Consulting
581,birchley consultancy limited,Ghosted,Supply Chain Analyst,10-30-24,35000,"Stoke-on-Trent, Staffordshire",Consulting
582,equiniti,Ghosted,Test Analyst,10-30-24,37490,"Crawley, West Sussex",Unknown
583,datatech analytics,Ghosted,Graduate/Junior Data Analyst - Oxford,10-31-24,29539,"Oxford, Oxfordshire",Unknown
584,hays,Ghosted,Business Data Analyst,11-24-00,136500,"London, Greater London",Recruitment
585,reed,Ghosted,Data Administrator,11-24-00,33281,"High Wycombe, Buckinghamshire",Recruitment
586,nextech,Ghosted,Data Analyst,11-24-00,32500,"Birmingham, West Midlands",Unknown
587,third nexus group limited,Ghosted,Data Analyst,11-24-00,35000,"Manchester, Greater Manchester",Recruitment
588,ardour associates ltd,Ghosted,Data Analyst,11-24-00,35000,"London, Greater London",Unknown
589,infused solutions ltd,Ghosted,Data Analyst,11-24-00,35000,"London, Greater London",Recruitment
590,isr recruitment,Ghosted,Data Analyst,11-24-00,35000,"London, Greater London",Recruitment
591,langham recruitment,Ghosted,Data Analyst,11-24-00,35000,"London, Greater London",Recruitment
592,mmp consultancy,Ghosted,Data Analyst,11-24-00,35000,"London, Greater London",Consulting
593,austin fraser,Ghosted,Data Analyst - Tableau,11-24-00,35000,"London, Greater London",Recruitment
594,hays,Ghosted,Data Analyst (Investment Banking),11-24-00,35000,"London, Greater London",Recruitment
595,integral recruitment ltd,Ghosted,Data and Reporting Analyst,11-24-00,50000,"Lime Street, Greater London",Recruitment
596,omni rms,Ghosted,Data Scientist - Synthetic Data,11-24-00,32255,"London, Greater London",Unknown
597,marston hidings,Ghosted,DSAR & BWV Analyst,11-24-00,25478,"London, Greater London",Unknown
598,data careers ltd,Ghosted,Insight & Data Analyst,11-24-00,29225,"London, Greater London",Unknown
599,fusion people ltd,Ghosted,Insight Analyst,11-24-00,29628,"London, Greater London",Unknown
600,randstad,Ghosted,Junior Data Analyst,11-24-00,26204,"London, Greater London",Recruitment
601,fynity,Ghosted,Junior Data Scientist,11-24-00,32500,"London, Greater London",Unknown
602,white horse professional resources,Ghosted,Junior Finance Analyst,11-24-00,31009,"London, Greater London",Unknown
603,market financial solutions,Ghosted,Power BI Data Analyst,11-24-00,38861,"London, Greater London",Recruitment
604,the portfolio group,Ghosted,Salesforce Junior - Data Analyst,11-24-00,23000,"Manchester, Greater Manchester",Unknown
605,alfred rennox,Ghosted,Trainee Data Analyst,11-24-00,30000,"London, Greater London",Recruitment
606,hans lee resourcing ltd,Ghosted,Business Data Analyst Underwriting software,11-24-00,39329,"London, Greater London",Unknown
607,gsk,Rejected,Laboratory Lead Analyst Incoming Materials,11-24-00,36054,"London, Greater London",Biotechnology
608,box delta insights,Ghosted,Graduate Market Research Executive,11-24-00,32120,"London, Greater London",Unknown
609,factset research systems inc.,Ghosted,Software Engineering,11-24-00,34071,"London, Greater London",Unknown
610,connectr,Rejected,Data Scientist Placement with Pacific Life,11-24-00,31091,"London, Greater London",Unknown
611,macro hive,Rejected,Machine Learning Quantitative Research Internship,11-24-00,39860,"London, Greater London",Unknown
612,hotwire - london,Ghosted,Data & Analytics Analyst (Maternity Cover),11-24-00,37670,"London, Greater London",Unknown
613,hook,Ghosted,Data Engineer,11-24-00,45000,"London, Greater London",Unknown
614,information tech consultants,Ghosted,Junior DevOps Engineer,11-24-00,29841,"London, Greater London",Consulting
615,third nexus group limited,Ghosted,Data Analyst,11-24-00,37500,"Manchester, Greater Manchester",Recruitment
616,nextech,Ghosted,Data Analyst,11-24-00,35000,"Birmingham, West Midlands",Unknown
617,teksystems,Ghosted,Data Analyst,11-24-00,35000,"London, Greater London",Unknown
618,harnham,Ghosted,Data Analyst,11-24-00,35000,"London, Greater London",Recruitment
619,in technology group,Ghosted,Data Analyst,11-24-00,35000,"London, Greater London",Recruitment
620,method resourcing,Ghosted,Data Analyst,11-24-00,35000,"London, Greater London",Unknown
621,probus recruitment ltd,Ghosted,Data Analyst,11-24-00,35000,"London, Greater London",Recruitment
622,informed recruitment,Ghosted,"Data Analyst, Housing, Asset Management",11-24-00,50000,"London, Greater London",Recruitment
623,intec select,Ghosted,Data and Insights Analyst,11-24-00,45000,"London, Greater London",Recruitment
624,the portfolio group,Ghosted,Data Business Analyst,11-24-00,30000,"London, Greater London",Unknown
625,office angels,Ghosted,Data Classification Analyst,11-24-00,36868,"Manchester, Greater Manchester",Unknown
626,xpertise recruitment,Ghosted,Data Visualisation expert,11-24-00,37647,"London, Greater London",Recruitment
627,spectrum it recruitment,Ghosted,Junior Data Analyst,11-24-00,50000,"London, Greater London",Recruitment
628,beaumont select,Ghosted,Market Data Analyst,11-24-00,31231,"London, Greater London",Unknown
629,harnham,Ghosted,Pricing Analyst,11-24-00,38583,"London, Greater London",Recruitment
630,alfred rennox,Ghosted,Trainee Data Analyst,11-24-00,30000,"Notting Barns, Greater London",Recruitment
631,intec select,Ghosted,Data Analyst,11-24-00,35000,"London, Greater London",Recruitment
632,octopus energy group,Ghosted,Data Engineer,11-24-00,45000,"London, Greater London",Energy
633,jga recruitment,Ghosted,HR Data Analyst - London,11-24-00,33609,"London, Greater London",Recruitment
634,sthree,Rejected,Python Developer,11-24-00,26372,"London, Greater London",Unknown
635,qube research & technologies,Ghosted,2024 Internship - Software Engineering,11-13-24,48421,"London, Greater London",Unknown
636,cred,Rejected,Data Scientist,11-14-24,33019,"London, Greater London",Unknown
637,siemens digital industries software,Ghosted,Software Engineer - DevOps Intern: Strategic Student Program,11-15-24,50381,"London, Greater London",Unknown
638,rwhealth,Ghosted,Junior Data Engineer,11-17-24,27688,"London, Greater London",Unknown
639,deutsche bank,Ghosted,Data Analyst,11-18-24,35000,"London, Greater London",Unknown
640,universal music group ltd,Rejected,Data Analyst,11-18-24,35000,"London, Greater London",Unknown
641,redcloud,Rejected,Data Scientist,11-18-24,33061,"London, Greater London",Unknown
642,veeva systems,Rejected,Data Scientist,11-18-24,31477,"London, Greater London",Unknown
643,synthomer ltd,Ghosted,Graduate - Data Analytics (HRIS),11-18-24,36568,"London, Greater London",Unknown
644,mccabe & bart,Ghosted,Junior Data Analyst,11-18-24,38816,"London, Greater London",Unknown
645,medtronic ltd,Ghosted,Sales and Market Insights Analyst,11-18-24,34725,"London, Greater London",Unknown
646,datatech,Ghosted,Advanced Analytics & Reporting Analyst,11-19-24,26597,"Middlesex, Greater London",Unknown
647,huxley associates,Ghosted,AML Data Analyst,11-19-24,63000,"London, Greater London",Unknown
648,aldwych consulting,Ghosted,Assistant Transport Planner,11-19-24,31000,"London, Greater London",Consulting
649,sf recruitment,Ghosted,Business Analyst,11-19-24,56000,"Solihull, West Midlands",Recruitment
650,damia group ltd,Ghosted,Consultant,11-19-24,42500,"London, Greater London",Unknown
651,hays,Ghosted,Data Administrator/Junior Data Analyst,11-19-24,36105,"Manchester, Greater Manchester",Recruitment
652,third nexus group limited,Ghosted,Data Analyst,11-19-24,55000,"London, Greater London",Unknown
653,fynity,Ghosted,Data Analyst,11-19-24,71500,"London, Greater London",Unknown
654,vox network consultants,Ghosted,Data Analyst - Power BI & SQL,11-19-24,35000,"London, Greater London",Consulting
655,gcs ltd,Ghosted,Data Engineer Role - (FTC) - Hybrid,11-19-24,67500,"London, Greater London",Unknown
656,aston carter,Ghosted,Finance Analyst,11-19-24,72800,"London, Greater London",Unknown
657,aston carter,Rejected,Finance Analyst,11-19-24,72800,"London, Greater London",Unknown
658,change-it consulting ltd,Ghosted,Fraud Analyst,11-19-24,110500,"London, Greater London",Consulting
659,love & tate plc,Ghosted,Grants Data Analyst and Administrator,11-19-24,31084,"London, Greater London",Unknown
660,merrifielondon consultants,Ghosted,HR and Payroll Administrator,11-19-24,30464,"London, Greater London",Consulting
661,jamieson clark,Ghosted,Junior Product Manager - SaaS IoT Home Heating Control Platform,11-19-24,55000,"London, Greater London",Unknown
662,longreach recruitment,Ghosted,MI & Insight Analyst,11-19-24,42500,"London, Greater London",Recruitment
663,guidant global,Ghosted,Pricing Assistant,11-19-24,49774,"London, Greater London",Unknown
664,office angels,Ghosted,Temporary Finance Analyst,11-19-24,35360,"Shepherd's Bush, Greater London",Unknown
665,alfred rennox,Ghosted,Trainee Data Analyst,11-19-24,30000,"London, Greater London",Recruitment
666,mindshare worldwide,Ghosted,Business Intelligence Analyst,11-20-24,35508,"London, Greater London",Unknown
667,pan asia box limited,Rejected,Market Research Analyst,11-20-24,30097,"London, Greater London",Unknown
668,deloitte,Rejected,Cyber Data & Digital Graduate Programme,11-23-24,30203,"London, Greater London",Unknown
669,peregrine future talent,Rejected,Data and Analytics Graduate Programme,11-23-24,34990,"London, Greater London",Recruitment
670,caterpillar,Rejected,Data Scientist Quality Graduate Scheme,11-23-24,31450,"London, Greater London",Unknown
671,systra,Rejected,Graduate Consultant Data Science,11-23-24,31554,"London, Greater London",Unknown
672,tnei,Rejected,Graduate Consultants Data Science,11-23-24,38494,"London, Greater London",Unknown
673,ARGC Limited,Rejected,Fertility Patient Liaison (Junior Administration Role) ,11-23-24,30475,"London, Greater London",Healthcare 
674,metabase,Rejected,Software Engineer Backend,11-23-24,43030,"London, Greater London",Unknown
675,engine by starling,Rejected,Platform Engineer,11-24-24,38164,"London, Greater London",Unknown
676,relay,Ghosted,Senior Data Analyst,11-24-24,30400,"London, Greater London",Unknown
677,colbern limited,Ghosted,Analyst,11-25-24,37960,"Bexley, Greater London",Unknown
678,adecco,Ghosted,Business Analyst - Data Governance,11-25-24,139100,"London, Greater London",Recruitment
679,julie rose recruitment,Ghosted,Data Analyst,11-25-24,26000,"Chislehurst, Greater London",Recruitment 
680,hays,Ghosted,Data Analyst,11-25-24,80080,"London, Greater London",Recruitment
681,michael page,Ghosted,Data and Insights Manager - 6 month FTC - hybrid,11-25-24,44654,"London, Greater London",Recruitment
682,akkodis,Ghosted,Data Modeller / Business Data Analyst - Insurance,11-25-24,35214,"London, Greater London",Unknown
683,kairos recruitment group,Ghosted,Digital Analyst,11-25-24,39000,"Kingston upon Thames, Greater London",Recruitment 
684,allen & york (built and natural environment) ltd,Ghosted,Energy Data Analyst,11-25-24,27518,"London, Greater London",Unknown
685,addition solutions ltd,Ghosted,ESG Analyst,11-25-24,36000,"London, Greater London",Recruitment
686,spectrum it recruitment,Ghosted,Quantitative Analyst,11-25-24,70000,"London, Greater London",Recruitment
687,omni rms,Ghosted,Sustainability Data Analyst,11-25-24,32500,"Canary Wharf, Greater London",Unknown
688,cloudy people,Rejected,Business Analyst,11-26-24,28405,"London, Greater London",Unknown
689,national physical laboratory,Rejected,Graduate Scientist,11-26-24,36860,"London, Greater London",Public
690,s4 personel limited,Ghosted,Business Intelligence Analyst Graduate,11-27-24,29108,"London, Greater London",Unknown
691,accountable recruitment limited,Ghosted,Graduate Analyst,11-27-24,35504,"London, Greater London",Recruitment
692,Crimson Limited,Rejected,ODOO Developer  Odoo/Python  Birmingham,11-27-24,37232,"Birmingham, West Midlands", Consultancy and IT recruitment
693,alderley edge school for girls,Rejected,Data Analyst,11-28-24,35000,"London, Greater London",Education Technology
694,nichola act,Rejected,Junior Finance Analyst,11-30-24,27153,"Westminster, Greater London",Recruitment
695,intertek,Rejected at final stage,Analytical Chemist / Senior Analytical Chemist,09-30-24,27000,"Melbourn, Cambridgeshire",Biotechnology

